iso_code,latitude,longitude,names,created_at,updated_at,en_name,ja_name,iso_alpha2
0,0.0,0.0,"{""ar"":""-"",""be"":""-"",""da"":""-"",""de"":""-"",""en"":""-"",""es"":""-"",""fr"":""-"",""ga"":""-"",""hi"":""-"",""hu"":""-"",""it"":""-"",""ja"":""-"",""ko"":""-"",""ms"":""-"",""no"":""-"",""pt"":""-"",""ta"":""-"",""th"":""-"",""zh_Hans_CN"":""-"",""zh_Hant_TW"":""-""}",2025-07-12 05:26:29.724936+00,2025-07-12 05:26:29.724936+00,,,
31,40.3777,49.892,"{""ar"":""أذربيجان"",""be"":""Азербайджан"",""da"":""Aserbajdsjan"",""de"":""Aserbaidschan"",""en"":""Azerbaijan"",""es"":""Azerbaiyán"",""fr"":""Azerbaïdjan"",""ga"":""Asarbaiseáin"",""hi"":""अज़रबैजान"",""hu"":""Azerbajdzsán"",""it"":""Azerbaigian"",""ja"":""アゼルバイジャン"",""ko"":""아제르바이잔"",""ms"":""Azerbajdzsán"",""no"":""Aserbajdsjan"",""pt"":""Azerbaijão"",""ta"":""அஜர்பைஜான்"",""th"":""อาเซอร์ไบจาน"",""zh_Hans_CN"":""阿塞拜疆"",""zh_Hant_TW"":""亞塞拜然""}",2025-07-12 05:26:29.724936+00,2025-07-12 05:26:29.724936+00,Azerbaijan,アゼルバイジャン,az
32,-34.6037,-58.3816,"{""ar"":""الأرجنتين"",""be"":""Аргенціна"",""da"":""Argentina"",""de"":""Argentinien"",""en"":""Argentina"",""es"":""Argentina"",""fr"":""Argentine"",""ga"":""an Airgintín"",""hi"":""अर्जेंटीना"",""hu"":""Argentína"",""it"":""Argentina"",""ja"":""アルゼンチン"",""ko"":""아르헨티나"",""ms"":""Argentína"",""no"":""Argentina"",""pt"":""Argentina"",""ta"":""அர்ஜென்டினா"",""th"":""อาร์เจนตินา"",""zh_Hans_CN"":""阿根廷"",""zh_Hant_TW"":""阿根廷""}",2025-07-12 05:26:29.724936+00,2025-07-12 05:26:29.724936+00,Argentina,アルゼンチン,ar
36,-35.2809,149.13,"{""ar"":""أستراليا"",""be"":""Аўстралія"",""da"":""Australien"",""de"":""Australien"",""en"":""Australia"",""es"":""Australia"",""fr"":""Australie"",""ga"":""Astráil"",""hi"":""ऑस्ट्रेलिया"",""hu"":""Ausztrália"",""it"":""Australia"",""ja"":""オーストラリア"",""ko"":""호주"",""ms"":""Ausztrália"",""no"":""Australia"",""pt"":""Austrália"",""ta"":""ஆஸ்திரேலியா"",""th"":""ออสเตรเลีย"",""zh_Hans_CN"":""澳大利亚"",""zh_Hant_TW"":""澳大利亞""}",2025-07-12 05:26:29.724936+00,2025-07-12 05:26:29.724936+00,Australia,オーストラリア,au
40,48.2082,16.3738,"{""ar"":""النمسا"",""be"":""Аўстрыя"",""da"":""Østrig"",""de"":""Österreich"",""en"":""Austria"",""es"":""Austria"",""fr"":""Autriche"",""ga"":""Ostair"",""hi"":""ऑस्ट्रिया"",""hu"":""Ausztria"",""it"":""Austria"",""ja"":""オーストリア"",""ko"":""오스트리아"",""ms"":""Ausztria"",""no"":""Østerrike"",""pt"":""Áustria"",""ta"":""ஆஸ்திரியா"",""th"":""ออสเตรีย"",""zh_Hans_CN"":""奥地利"",""zh_Hant_TW"":""奧地利""}",2025-07-12 05:26:29.724936+00,2025-07-12 05:26:29.724936+00,Austria,オーストリア,at
56,50.8503,4.3517,"{""ar"":""بلجيكا"",""be"":""Бельгія"",""da"":""Belgien"",""de"":""Belgien"",""en"":""Belgium"",""es"":""Bélgica"",""fr"":""Belgique"",""ga"":""an Bheilg"",""hi"":""बेल्जियम"",""hu"":""Belgium"",""it"":""Belgio"",""ja"":""ベルギー"",""ko"":""벨기에"",""ms"":""Belgium"",""no"":""Belgia"",""pt"":""Bélgica"",""ta"":""பெல்ஜியம்"",""th"":""เบลเยียม"",""zh_Hans_CN"":""比利时"",""zh_Hant_TW"":""比利時""}",2025-07-12 05:26:29.724936+00,2025-07-12 05:26:29.724936+00,Belgium,ベルギー,be
76,-15.8267,-47.9218,"{""ar"":""البرازيل"",""be"":""Бразілія"",""da"":""Brasilien"",""de"":""Brasilien"",""en"":""Brazil"",""es"":""Brasil"",""fr"":""Brésil"",""ga"":""an Bhrasaíl"",""hi"":""ब्राज़ील"",""hu"":""Brazília"",""it"":""Brasile"",""ja"":""ブラジル"",""ko"":""브라질"",""ms"":""Brazília"",""no"":""Brasil"",""pt"":""Brasil"",""ta"":""பிரேசில்"",""th"":""บราซิล"",""zh_Hans_CN"":""巴西"",""zh_Hant_TW"":""巴西""}",2025-07-12 05:26:29.724936+00,2025-07-12 05:26:29.724936+00,Brazil,ブラジル,br
100,42.6977,23.3219,"{""ar"":""بلغاريا"",""be"":""Балгарыя"",""da"":""Bulgarien"",""de"":""Bulgarien"",""en"":""Bulgaria"",""es"":""Bulgaria"",""fr"":""Bulgarie"",""ga"":""Bhulgáir"",""hi"":""बल्गारिया"",""hu"":""Bulgária"",""it"":""Bulgaria"",""ja"":""ブルガリア"",""ko"":""불가리아"",""ms"":""Bulgária"",""no"":""Bulgaria"",""pt"":""Bulgária"",""ta"":""பல்கேரியா"",""th"":""บัลแกเรีย"",""zh_Hans_CN"":""保加利亚"",""zh_Hant_TW"":""保加利亞""}",2025-07-12 05:26:29.724936+00,2025-07-12 05:26:29.724936+00,Bulgaria,ブルガリア,bg
124,45.4215,-75.6972,"{""ar"":""كندا"",""be"":""Канада"",""da"":""Canada"",""de"":""Kanada"",""en"":""Canada"",""es"":""Canadá"",""fr"":""Canada"",""ga"":""Ceanada"",""hi"":""कनाडा"",""hu"":""Kanada"",""it"":""Canada"",""ja"":""カナダ"",""ko"":""캐나다"",""ms"":""Kanada"",""no"":""Canada"",""pt"":""Canadá"",""ta"":""கனடா"",""th"":""แคนาดา"",""zh_Hans_CN"":""加拿大"",""zh_Hant_TW"":""加拿大""}",2025-07-12 05:26:29.724936+00,2025-07-12 05:26:29.724936+00,Canada,カナダ,ca
152,-33.4489,-70.6693,"{""ar"":""شيلي"",""be"":""Чылі"",""da"":""Chile"",""de"":""Chile"",""en"":""Chile"",""es"":""Chile"",""fr"":""Chili"",""ga"":""an tSile"",""hi"":""चिली"",""hu"":""Chile"",""it"":""Cile"",""ja"":""チリ"",""ko"":""칠레"",""ms"":""Chile"",""no"":""Chile"",""pt"":""Chile"",""ta"":""சிலி"",""th"":""ชิลี"",""zh_Hans_CN"":""智利"",""zh_Hant_TW"":""智利""}",2025-07-12 05:26:29.724936+00,2025-07-12 05:26:29.724936+00,Chile,チリ,cl
156,39.9042,116.4074,"{""ar"":""الصين"",""be"":""Кітай"",""da"":""Kina"",""de"":""China"",""en"":""China"",""es"":""China"",""fr"":""Chine"",""ga"":""tSín"",""hi"":""चीन"",""hu"":""Kína"",""it"":""Cina"",""ja"":""中国"",""ko"":""중국"",""ms"":""Kína"",""no"":""Kina"",""pt"":""China"",""ta"":""சீனா"",""th"":""จีน"",""zh_Hans_CN"":""中国"",""zh_Hant_TW"":""中國""}",2025-07-12 05:26:29.724936+00,2025-07-12 05:26:29.724936+00,China,中国,cn
158,25.0329,121.5654,"{""ar"":""تايوان"",""be"":""Тайвань"",""da"":""Taiwan"",""de"":""Taiwan"",""en"":""Taiwan"",""es"":""Taiwán"",""fr"":""Taïwan"",""ga"":""Taiwan"",""hi"":""ताइवान"",""hu"":""Tajvan"",""it"":""Taiwan"",""ja"":""台湾"",""ko"":""대만"",""ms"":""Tajvani"",""no"":""Taiwan"",""pt"":""Taiwan"",""ta"":""தைவான்"",""th"":""ไต้หวัน"",""zh_Hans_CN"":""台湾"",""zh_Hant_TW"":""台灣""}",2025-07-12 05:26:29.724936+00,2025-07-12 05:26:29.724936+00,Taiwan,台湾,tw
170,4.711,-74.0721,"{""ar"":""كولومبيا"",""be"":""Калумбія"",""da"":""Colombia"",""de"":""Kolumbien"",""en"":""Colombia"",""es"":""Colombia"",""fr"":""Colombie"",""ga"":""an Cholóim"",""hi"":""कोलम्बिया"",""hu"":""Kolumbia"",""it"":""Colombia"",""ja"":""コロンビア"",""ko"":""콜롬비아"",""ms"":""Colombia"",""no"":""Colombia"",""pt"":""Colômbia"",""ta"":""கொலம்பியா"",""th"":""โคลอมเบีย"",""zh_Hans_CN"":""哥伦比亚"",""zh_Hant_TW"":""哥倫比亞""}",2025-07-12 05:26:29.724936+00,2025-07-12 05:26:29.724936+00,Colombia,コロンビア,co
191,45.815,15.9819,"{""ar"":""كرواتيا"",""be"":""Харватыя"",""da"":""Kroatien"",""de"":""Kroatien"",""en"":""Croatia"",""es"":""Croacia"",""fr"":""Croatie"",""ga"":""an Chróit"",""hi"":""क्रोएशिया"",""hu"":""Horvátország"",""it"":""Croazia"",""ja"":""クロアチア"",""ko"":""크로아티아"",""ms"":""Horvátország"",""no"":""Kroatia"",""pt"":""Croácia"",""ta"":""குரோஷியா"",""th"":""โครเอเชีย"",""zh_Hans_CN"":""克罗地亚"",""zh_Hant_TW"":""克羅埃西亞""}",2025-07-12 05:26:29.724936+00,2025-07-12 05:26:29.724936+00,Croatia,クロアチア,hr
196,35.1856,33.3823,"{""ar"":""قبرص"",""be"":""Кіпр"",""da"":""Cypern"",""de"":""Zypern"",""en"":""Cyprus"",""es"":""Chipre"",""fr"":""Chypre"",""ga"":""an Chipir"",""hi"":""साइप्रस"",""hu"":""Ciprus"",""it"":""Cipro"",""ja"":""キプロス"",""ko"":""키프로스"",""ms"":""Ciprus"",""no"":""Kypros"",""pt"":""Chipre"",""ta"":""சைப்ரஸ்"",""th"":""ไซปรัส"",""zh_Hans_CN"":""塞浦路斯"",""zh_Hant_TW"":""賽普勒斯""}",2025-07-12 05:26:29.724936+00,2025-07-12 05:26:29.724936+00,Cyprus,キプロス,cy
203,50.0755,14.4378,"{""ar"":""التشيكية"",""be"":""чэшская"",""da"":""tjekkisk"",""de"":""Tschechien"",""en"":""Czech"",""es"":""Chequia"",""fr"":""Tchéquie"",""ga"":""Seiceach"",""hi"":""चेक"",""hu"":""Cseh"",""it"":""Cechia"",""ja"":""チェコ"",""ko"":""체코"",""ms"":""Ceko"",""no"":""Tsjekkia"",""pt"":""Checo"",""ta"":""செக்"",""th"":""เช็ก"",""zh_Hans_CN"":""捷克"",""zh_Hant_TW"":""捷克""}",2025-07-12 05:26:29.724936+00,2025-07-12 05:26:29.724936+00,Czech,チェコ,cz
208,55.6761,12.5683,"{""ar"":""الدنمارك"",""be"":""Данія"",""da"":""Danmark"",""de"":""Dänemark"",""en"":""Denmark"",""es"":""Dinamarca"",""fr"":""Danemark"",""ga"":""an Danmhairg"",""hi"":""डेनमार्क"",""hu"":""Dánia"",""it"":""Danimarca"",""ja"":""デンマーク"",""ko"":""덴마크"",""ms"":""Denmark"",""no"":""Danmark"",""pt"":""Dinamarca"",""ta"":""டென்மார்க்"",""th"":""เดนมาร์ก"",""zh_Hans_CN"":""丹麦"",""zh_Hant_TW"":""丹麥""}",2025-07-12 05:26:29.724936+00,2025-07-12 05:26:29.724936+00,Denmark,デンマーク,dk
233,59.437,24.7535,"{""ar"":""إستونيا"",""be"":""Эстонія"",""da"":""Estland"",""de"":""Estland"",""en"":""Estonia"",""es"":""Estonia"",""fr"":""Estonie"",""ga"":""an Eastóin"",""hi"":""एस्टोनिया"",""hu"":""Észtország"",""it"":""Estonia"",""ja"":""エストニア"",""ko"":""에스토니아"",""ms"":""Észtország"",""no"":""Estland"",""pt"":""Estónia"",""ta"":""எஸ்டோனியா"",""th"":""เอสโตเนีย"",""zh_Hans_CN"":""爱沙尼亚"",""zh_Hant_TW"":""愛沙尼亞""}",2025-07-12 05:26:29.724936+00,2025-07-12 05:26:29.724936+00,Estonia,エストニア,ee
246,60.1695,24.9354,"{""ar"":""فنلندا"",""be"":""Фінляндыя"",""da"":""Finland"",""de"":""Finnland"",""en"":""Finland"",""es"":""Finlandia"",""fr"":""Finlande"",""ga"":""an Fhionlainn"",""hi"":""फिनलैंड"",""hu"":""Finnország"",""it"":""Finlandia"",""ja"":""フィンランド"",""ko"":""핀란드"",""ms"":""Finnország"",""no"":""Finland"",""pt"":""Finlândia"",""ta"":""பின்லாந்து"",""th"":""ฟินแลนด์"",""zh_Hans_CN"":""芬兰"",""zh_Hant_TW"":""芬蘭""}",2025-07-12 05:26:29.724936+00,2025-07-12 05:26:29.724936+00,Finland,フィンランド,fi
250,48.8566,2.3522,"{""ar"":""فرنسا"",""be"":""Францыя"",""da"":""Frankrig"",""de"":""Frankreich"",""en"":""France"",""es"":""Francia"",""fr"":""France"",""ga"":""Fhrainc"",""hi"":""फ्रांस"",""hu"":""Francia"",""it"":""Francia"",""ja"":""フランス"",""ko"":""프랑스"",""ms"":""Franciaország"",""no"":""Frankrike"",""pt"":""França"",""ta"":""பிரான்ஸ்"",""th"":""ฝรั่งเศส"",""zh_Hans_CN"":""法国"",""zh_Hant_TW"":""法國""}",2025-07-12 05:26:29.724936+00,2025-07-12 05:26:29.724936+00,France,フランス,fr
276,52.52,13.405,"{""ar"":""ألمانيا"",""be"":""Нямеччына"",""da"":""Tyskland"",""de"":""Deutschland"",""en"":""Germany"",""es"":""Alemania"",""fr"":""Allemagne"",""ga"":""an Ghearmáin"",""hi"":""जर्मनी"",""hu"":""Németország"",""it"":""Germania"",""ja"":""ドイツ"",""ko"":""독일"",""ms"":""Németország"",""no"":""Tyskland"",""pt"":""Alemanha"",""ta"":""ஜெர்மனி"",""th"":""เยอรมนี"",""zh_Hans_CN"":""德国"",""zh_Hant_TW"":""德國""}",2025-07-12 05:26:29.724936+00,2025-07-12 05:26:29.724936+00,Germany,ドイツ,de
300,37.9838,23.7275,"{""ar"":""اليونان"",""be"":""Грэцыя"",""da"":""Grækenland"",""de"":""Griechenland"",""en"":""Greece"",""es"":""Grecia"",""fr"":""Grèce"",""ga"":""an Ghréig"",""hi"":""ग्रीस"",""hu"":""Görögország"",""it"":""Grecia"",""ja"":""ギリシャ"",""ko"":""그리스"",""ms"":""Görögország"",""no"":""Hellas"",""pt"":""Grécia"",""ta"":""கிரீஸ்"",""th"":""กรีซ"",""zh_Hans_CN"":""希腊"",""zh_Hant_TW"":""希臘""}",2025-07-12 05:26:29.724936+00,2025-07-12 05:26:29.724936+00,Greece,ギリシャ,gr
344,22.3193,114.1694,"{""ar"":""هونج كونج"",""be"":""Ганконг"",""da"":""Hong Kong"",""de"":""Hongkong"",""en"":""Hong Kong"",""es"":""Hong Kong"",""fr"":""Hong Kong"",""ga"":""Hong Cong"",""hi"":""हाँग काँग"",""hu"":""Hongkong"",""it"":""Hong Kong"",""ja"":""香港"",""ko"":""홍콩"",""ms"":""Hong Kong"",""no"":""Hong Kong"",""pt"":""Hong Kong"",""ta"":""ஹாங்காங்"",""th"":""ฮ่องกง"",""zh_Hans_CN"":""香港"",""zh_Hant_TW"":""香港""}",2025-07-12 05:26:29.724936+00,2025-07-12 05:26:29.724936+00,Hong Kong,香港,hk
348,47.4979,19.0402,"{""ar"":""هنغاريا"",""be"":""Венгрыя"",""da"":""Ungarn"",""de"":""Ungarn"",""en"":""Hungary"",""es"":""Hungría"",""fr"":""Hongrie"",""ga"":""an Ungáir"",""hi"":""हंगरी"",""hu"":""Magyarország"",""it"":""Ungheria"",""ja"":""ハンガリー"",""ko"":""헝가리"",""ms"":""Magyarország"",""no"":""Ungarn"",""pt"":""Hungria"",""ta"":""ஹங்கேரி"",""th"":""ฮังการี"",""zh_Hans_CN"":""匈牙利"",""zh_Hant_TW"":""匈牙利""}",2025-07-12 05:26:29.724936+00,2025-07-12 05:26:29.724936+00,Hungary,ハンガリー,hu
352,64.1355,-21.8954,"{""ar"":""أيسلندا"",""be"":""Ісландыя"",""da"":""Island"",""de"":""Island"",""en"":""Iceland"",""es"":""Islandia"",""fr"":""Islande"",""ga"":""Íoslainn"",""hi"":""आइसलैंड"",""hu"":""Izland"",""it"":""Islanda"",""ja"":""アイスランド"",""ko"":""아이슬란드"",""ms"":""Izland"",""no"":""Island"",""pt"":""Islândia"",""ta"":""ஐஸ்லாந்து"",""th"":""ไอซ์แลนด์"",""zh_Hans_CN"":""冰岛"",""zh_Hant_TW"":""冰島""}",2025-07-12 05:26:29.724936+00,2025-07-12 05:26:29.724936+00,Iceland,アイスランド,is
356,28.6139,77.209,"{""ar"":""الهند"",""be"":""Індыя"",""da"":""Indien"",""de"":""Indien"",""en"":""India"",""es"":""India"",""fr"":""Inde"",""ga"":""India"",""hi"":""भारत"",""hu"":""India"",""it"":""India"",""ja"":""インド"",""ko"":""인도"",""ms"":""India"",""no"":""India"",""pt"":""Índia"",""ta"":""இந்தியா"",""th"":""อินเดีย"",""zh_Hans_CN"":""印度"",""zh_Hant_TW"":""印度""}",2025-07-12 05:26:29.724936+00,2025-07-12 05:26:29.724936+00,India,インド,in
360,-6.2088,106.8456,"{""ar"":""أندونيسيا"",""be"":""Інданезія"",""da"":""Indonesien"",""de"":""Indonesien"",""en"":""Indonesia"",""es"":""Indonesia"",""fr"":""Indonésie"",""ga"":""Indinéis"",""hi"":""इंडोनेशिया"",""hu"":""Indonézia"",""it"":""Indonesia"",""ja"":""インドネシア"",""ko"":""인도네시아"",""ms"":""Indonézia"",""no"":""Indonesia"",""pt"":""Indonésia"",""ta"":""இந்தோனேசியா"",""th"":""อินโดนีเซีย"",""zh_Hans_CN"":""印度尼西亚"",""zh_Hant_TW"":""印度尼西亞""}",2025-07-12 05:26:29.724936+00,2025-07-12 05:26:29.724936+00,Indonesia,インドネシア,id
364,35.6892,51.389,"{""ar"":""إيران"",""be"":""Іран"",""da"":""Iran"",""de"":""Iran"",""en"":""Iran"",""es"":""Irán"",""fr"":""L'Iran"",""ga"":""Iaráin"",""hi"":""ईरान"",""hu"":""Irán"",""it"":""Iran"",""ja"":""イラン"",""ko"":""이란"",""ms"":""Irán"",""no"":""Iran"",""pt"":""Irã"",""ta"":""ஈரான்"",""th"":""อิหร่าน"",""zh_Hans_CN"":""伊朗"",""zh_Hant_TW"":""伊朗""}",2025-07-12 05:26:29.724936+00,2025-07-12 05:26:29.724936+00,Iran,イラン,ir
372,53.3498,-6.2603,"{""ar"":""أيرلندا"",""be"":""Ірландыя"",""da"":""Irland"",""de"":""Irland"",""en"":""Ireland"",""es"":""Irlanda"",""fr"":""Irlande"",""ga"":""Éire"",""hi"":""आयरलैंड"",""hu"":""Írország"",""it"":""Irlanda"",""ja"":""アイルランド"",""ko"":""아일랜드"",""ms"":""Írország"",""no"":""Irland"",""pt"":""Irlanda"",""ta"":""அயர்லாந்து"",""th"":""ไอร์แลนด์"",""zh_Hans_CN"":""爱尔兰"",""zh_Hant_TW"":""愛爾蘭""}",2025-07-12 05:26:29.724936+00,2025-07-12 05:26:29.724936+00,Ireland,アイルランド,ie
376,31.0461,34.8516,"{""ar"":""إسرائيل"",""be"":""Ізраіль"",""da"":""Israel"",""de"":""Israel"",""en"":""Israel"",""es"":""Israel"",""fr"":""Israël"",""ga"":""Iosrael"",""hi"":""इज़राइल"",""hu"":""Izrael"",""it"":""Israele"",""ja"":""イスラエル"",""ko"":""이스라엘"",""ms"":""Izrael"",""no"":""Israel"",""pt"":""Israel"",""ta"":""இஸ்ரேல்"",""th"":""อิสราเอล"",""zh_Hans_CN"":""以色列"",""zh_Hant_TW"":""以色列""}",2025-07-12 05:26:29.724936+00,2025-07-12 05:26:29.724936+00,Israel,イスラエル,il
380,41.8719,12.5674,"{""ar"":""إيطاليا"",""be"":""Італія"",""da"":""Italien"",""de"":""Italien"",""en"":""Italy"",""es"":""Italia"",""fr"":""Italie"",""ga"":""an Iodáil"",""hi"":""इटली"",""hu"":""Olaszország"",""it"":""Italia"",""ja"":""イタリア"",""ko"":""이탈리아"",""ms"":""Olaszország"",""no"":""Italia"",""pt"":""Itália"",""ta"":""இத்தாலி"",""th"":""อิตาลี"",""zh_Hans_CN"":""意大利"",""zh_Hant_TW"":""義大利""}",2025-07-12 05:26:29.724936+00,2025-07-12 05:26:29.724936+00,Italy,イタリア,it
392,35.6895,139.6917,"{""ar"":""اليابان"",""be"":""Японія"",""da"":""Japan"",""de"":""Japan"",""en"":""Japan"",""es"":""Japón"",""fr"":""Japon"",""ga"":""an tSeapáin"",""hi"":""जापान"",""hu"":""Japán"",""it"":""Giappone"",""ja"":""日本"",""ko"":""일본"",""ms"":""Japán"",""no"":""Japan"",""pt"":""Japão"",""ta"":""ஜப்பான்"",""th"":""ญี่ปุ่น"",""zh_Hans_CN"":""日本"",""zh_Hant_TW"":""日本""}",2025-07-12 05:26:29.724936+00,2025-07-12 05:26:29.724936+00,Japan,日本,jp
398,48.0196,66.9237,"{""ar"":""كازاخستان"",""be"":""Казахстан"",""da"":""Kasakhstan"",""de"":""Kasachstan"",""en"":""Kazakhstan"",""es"":""Kazajistán"",""fr"":""Kazakhstan"",""ga"":""Chasacstáin"",""hi"":""कज़ाकिस्तान"",""hu"":""Kazahsztán"",""it"":""Kazakistan"",""ja"":""カザフスタン"",""ko"":""카자흐스탄"",""ms"":""Kazahsztán"",""no"":""Kasakhstan"",""pt"":""Cazaquistão"",""ta"":""கஜகஸ்தான்"",""th"":""คาซัคสถาน"",""zh_Hans_CN"":""哈萨克斯坦"",""zh_Hant_TW"":""哈薩克""}",2025-07-12 05:26:29.724936+00,2025-07-12 05:26:29.724936+00,Kazakhstan,カザフスタン,kz
410,37.5665,126.978,"{""ar"":""كوريا الجنوبية"",""be"":""Паўднёвая Карэя"",""da"":""Sydkorea"",""de"":""Südkorea"",""en"":""South Korea"",""es"":""Corea del Sur"",""fr"":""Corée du Sud"",""ga"":""An Chóiré Theas"",""hi"":""दक्षिण कोरिया"",""hu"":""Dél-Korea"",""it"":""Corea del Sud"",""ja"":""韓国"",""ko"":""한국"",""ms"":""Dél-Korea"",""no"":""Sør-Korea"",""pt"":""Coreia do Sul"",""ta"":""தென் கொரியா"",""th"":""เกาหลีใต้"",""zh_Hans_CN"":""韩国"",""zh_Hant_TW"":""韓國""}",2025-07-12 05:26:29.724936+00,2025-07-12 05:26:29.724936+00,South Korea,韓国,kr
414,29.3759,47.9774,"{""ar"":""الكويت"",""be"":""Кувейт"",""da"":""Kuwait"",""de"":""Kuwait"",""en"":""Kuwait"",""es"":""Kuwait"",""fr"":""Koweit"",""ga"":""Cuáit"",""hi"":""कुवैत"",""hu"":""Kuvait"",""it"":""Kuwait"",""ja"":""クウェート"",""ko"":""쿠웨이트"",""ms"":""Kuvait"",""no"":""Kuwait"",""pt"":""Kuwait"",""ta"":""குவைத்"",""th"":""คูเวต"",""zh_Hans_CN"":""科威特"",""zh_Hant_TW"":""科威特""}",2025-07-12 05:26:29.724936+00,2025-07-12 05:26:29.724936+00,Kuwait,クウェート,kw
428,56.9496,24.1052,"{""ar"":""لاتفيا"",""be"":""Латвія"",""da"":""Letland"",""de"":""Lettland"",""en"":""Latvia"",""es"":""Letonia"",""fr"":""Lettonie"",""ga"":""an Laitvia"",""hi"":""लातविया"",""hu"":""Lettország"",""it"":""Lettonia"",""ja"":""ラトビア"",""ko"":""라트비아"",""ms"":""Lettország"",""no"":""Latvia"",""pt"":""Letónia"",""ta"":""லாட்வியா"",""th"":""ลัตเวีย"",""zh_Hans_CN"":""拉脱维亚"",""zh_Hant_TW"":""拉脫維亞""}",2025-07-12 05:26:29.724936+00,2025-07-12 05:26:29.724936+00,Latvia,ラトビア,lv
440,54.6872,25.2797,"{""ar"":""ليتوانيا"",""be"":""Літва"",""da"":""Litauen"",""de"":""Litauen"",""en"":""Lithuania"",""es"":""Lituania"",""fr"":""Lituanie"",""ga"":""an Liotuáin"",""hi"":""लिथुआनिया"",""hu"":""Litvánia"",""it"":""Lituania"",""ja"":""リトアニア"",""ko"":""리투아니아"",""ms"":""Litvánia"",""no"":""Litauen"",""pt"":""Lituânia"",""ta"":""லிதுவேனியா"",""th"":""ลิทัวเนีย"",""zh_Hans_CN"":""立陶宛"",""zh_Hant_TW"":""立陶宛""}",2025-07-12 05:26:29.724936+00,2025-07-12 05:26:29.724936+00,Lithuania,リトアニア,lt
442,49.6117,6.13,"{""ar"":""لوكسمبورغ"",""be"":""Люксембург"",""da"":""Luxembourg"",""de"":""Luxemburg"",""en"":""Luxembourg"",""es"":""Luxemburgo"",""fr"":""Luxembourg"",""ga"":""Lucsamburg"",""hi"":""लक्समबर्ग"",""hu"":""Luxemburg"",""it"":""Lussemburgo"",""ja"":""ルクセンブルク"",""ko"":""룩셈부르크"",""ms"":""Luxemburg"",""no"":""Luxembourg"",""pt"":""Luxemburgo"",""ta"":""லக்சம்பர்க்"",""th"":""ลักเซมเบิร์ก"",""zh_Hans_CN"":""卢森堡"",""zh_Hant_TW"":""盧森堡""}",2025-07-12 05:26:29.724936+00,2025-07-12 05:26:29.724936+00,Luxembourg,ルクセンブルク,lu
458,3.139,101.6869,"{""ar"":""ماليزيا"",""be"":""Малайзія"",""da"":""Malaysia"",""de"":""Malaysia"",""en"":""Malaysia"",""es"":""Malasia"",""fr"":""Malaisie"",""ga"":""Mhalaeisia"",""hi"":""मलेशिया"",""hu"":""Malajzia"",""it"":""Malesia"",""ja"":""マレーシア"",""ko"":""말레이시아"",""ms"":""Malaysia"",""no"":""Malaysia"",""pt"":""Malásia"",""ta"":""மலேசியா"",""th"":""มาเลเซีย"",""zh_Hans_CN"":""马来西亚"",""zh_Hant_TW"":""馬來西亞""}",2025-07-12 05:26:29.724936+00,2025-07-12 05:26:29.724936+00,Malaysia,マレーシア,my
470,35.9375,14.3754,"{""ar"":""مالطا"",""be"":""Мальта"",""da"":""Malta"",""de"":""Malta"",""en"":""Malta"",""es"":""Malta"",""fr"":""Malte"",""ga"":""Málta"",""hi"":""माल्टा"",""hu"":""Málta"",""it"":""Malta"",""ja"":""マルタ"",""ko"":""몰타"",""ms"":""Málta"",""no"":""Malta"",""pt"":""Malta"",""ta"":""மால்டா"",""th"":""มอลตา"",""zh_Hans_CN"":""马耳他"",""zh_Hant_TW"":""馬爾他""}",2025-07-12 05:26:29.724936+00,2025-07-12 05:26:29.724936+00,Malta,マルタ,mt
484,19.4326,-99.1332,"{""ar"":""المكسيك"",""be"":""Мексіка"",""da"":""Mexico"",""de"":""Mexiko"",""en"":""Mexico"",""es"":""México"",""fr"":""Mexique"",""ga"":""Meicsiceo"",""hi"":""मेक्सिको"",""hu"":""Mexikó"",""it"":""Messico"",""ja"":""メキシコ"",""ko"":""멕시코"",""ms"":""Mexikó"",""no"":""Mexico"",""pt"":""México"",""ta"":""மெக்ஸிகோ"",""th"":""เม็กซิโก"",""zh_Hans_CN"":""墨西哥"",""zh_Hant_TW"":""墨西哥""}",2025-07-12 05:26:29.724936+00,2025-07-12 05:26:29.724936+00,Mexico,メキシコ,mx
504,33.9716,-6.8498,"{""ar"":""المغرب"",""be"":""Марока"",""da"":""Marokko"",""de"":""Marokko"",""en"":""Morocco"",""es"":""Marruecos"",""fr"":""Maroc"",""ga"":""Maracó"",""hi"":""मोरक्को"",""hu"":""Marokkó"",""it"":""Marocco"",""ja"":""モロッコ"",""ko"":""모로코"",""ms"":""Marokkó"",""no"":""Marokko"",""pt"":""Marrocos"",""ta"":""மொராக்கோ"",""th"":""โมร็อกโก"",""zh_Hans_CN"":""摩洛哥"",""zh_Hant_TW"":""摩洛哥""}",2025-07-12 05:26:29.724936+00,2025-07-12 05:26:29.724936+00,Morocco,モロッコ,ma
516,-22.9576,18.4904,"{""ar"":""ناميبيا"",""be"":""Намібія"",""da"":""Namibia"",""de"":""Namibia"",""en"":""Namibia"",""es"":""Namibia"",""fr"":""Namibie"",""ga"":""Namaib"",""hi"":""नामिविया"",""hu"":""Namíbia"",""it"":""Namibia"",""ja"":""ナミビア"",""ko"":""나미비아"",""ms"":""Namíbia"",""no"":""Namibia"",""pt"":""Namíbia"",""ta"":""நமீபியா"",""th"":""นามิเบีย"",""zh_Hans_CN"":""纳米比亚"",""zh_Hant_TW"":""納米比亞""}",2025-07-12 05:26:29.724936+00,2025-07-12 05:26:29.724936+00,Namibia,ナミビア,na
528,52.1326,5.2913,"{""ar"":""هولندا"",""be"":""Нідэрланды"",""da"":""Holland"",""de"":""Niederlande"",""en"":""Netherlands"",""es"":""Países Bajos"",""fr"":""Pays-Bas"",""ga"":""Ísiltír"",""hi"":""नीदरलैंड्स"",""hu"":""Hollandia"",""it"":""Paesi Bassi"",""ja"":""オランダ"",""ko"":""네덜란드"",""ms"":""Hollandia"",""no"":""Nederland"",""pt"":""Países Baixos"",""ta"":""நெதர்லாந்து"",""th"":""เนเธอร์แลนด์"",""zh_Hans_CN"":""荷兰"",""zh_Hant_TW"":""荷蘭""}",2025-07-12 05:26:29.724936+00,2025-07-12 05:26:29.724936+00,Netherlands,オランダ,nl
554,-41.2865,174.7762,"{""ar"":""نيوزيلندا"",""be"":""Новая Зеландыя"",""da"":""New Zealand"",""de"":""Neuseeland"",""en"":""New Zealand"",""es"":""Nueva Zelanda"",""fr"":""Nouvelle-Zélande"",""ga"":""an Nua-Shéalainn"",""hi"":""न्यूजीलैंड"",""hu"":""Új-Zéland"",""it"":""Nuova Zelanda"",""ja"":""ニュージーランド"",""ko"":""뉴질랜드"",""ms"":""Új-Zéland"",""no"":""New Zealand"",""pt"":""Nova Zelândia"",""ta"":""நியூசிலாந்து"",""th"":""นิวซีแลนด์"",""zh_Hans_CN"":""新西兰"",""zh_Hant_TW"":""紐西蘭""}",2025-07-12 05:26:29.724936+00,2025-07-12 05:26:29.724936+00,New Zealand,ニュージーランド,nz
578,59.9139,10.7522,"{""ar"":""النرويج"",""be"":""Нарвегія"",""da"":""Norge"",""de"":""Norwegen"",""en"":""Norway"",""es"":""Noruega"",""fr"":""Norvège"",""ga"":""Iorua"",""hi"":""नॉर्वे"",""hu"":""Norvégia"",""it"":""Norvegia"",""ja"":""ノルウェー"",""ko"":""노르웨이"",""ms"":""Norvégia"",""no"":""Norge"",""pt"":""Noruega"",""ta"":""நோர்வே"",""th"":""นอร์เวย์"",""zh_Hans_CN"":""挪威"",""zh_Hant_TW"":""挪威""}",2025-07-12 05:26:29.724936+00,2025-07-12 05:26:29.724936+00,Norway,ノルウェー,no
586,30.3753,69.3451,"{""ar"":""باكستان"",""be"":""Пакістан"",""da"":""Pakistan"",""de"":""Pakistan"",""en"":""Pakistan"",""es"":""Pakistán"",""fr"":""Pakistan"",""ga"":""Phacastáin"",""hi"":""पाकिस्तान"",""hu"":""Pakisztán"",""it"":""Pakistan"",""ja"":""パキスタン"",""ko"":""파키스탄"",""ms"":""Pakisztán"",""no"":""Pakistan"",""pt"":""Paquistão"",""ta"":""பாகிஸ்தான்"",""th"":""ปากีสถาน"",""zh_Hans_CN"":""巴基斯坦"",""zh_Hant_TW"":""巴基斯坦""}",2025-07-12 05:26:29.724936+00,2025-07-12 05:26:29.724936+00,Pakistan,パキスタン,pk
608,14.5995,120.9842,"{""ar"":""فيلبيني"",""be"":""Філіпіны"",""da"":""Filippinerne"",""de"":""Philippinen"",""en"":""Philippines"",""es"":""Filipinas"",""fr"":""Philippines"",""ga"":""hOileáin Fhilipíneacha"",""hi"":""फिलिपीन्स"",""hu"":""Fülöp-szigetek"",""it"":""Filippine"",""ja"":""フィリピン"",""ko"":""필리핀"",""ms"":""Fülöp-szigeteki"",""no"":""Filippinene"",""pt"":""Filipinas"",""ta"":""பிலிப்பைன்ஸ்"",""th"":""ฟิลิปปินส์"",""zh_Hans_CN"":""菲律宾"",""zh_Hant_TW"":""菲律賓""}",2025-07-12 05:26:29.724936+00,2025-07-12 05:26:29.724936+00,Philippines,フィリピン,ph
616,52.2297,21.0122,"{""ar"":""بولندا"",""be"":""Польшчы"",""da"":""Polen"",""de"":""Polen"",""en"":""Poland"",""es"":""Polonia"",""fr"":""Pologne"",""ga"":""an Pholainn"",""hi"":""पोलैंड"",""hu"":""Lengyelország"",""it"":""Polonia"",""ja"":""ポーランド"",""ko"":""폴란드"",""ms"":""Lengyelország"",""no"":""Polen"",""pt"":""Polónia"",""ta"":""போலந்து"",""th"":""โปแลนด์"",""zh_Hans_CN"":""波兰"",""zh_Hant_TW"":""波蘭""}",2025-07-12 05:26:29.724936+00,2025-07-12 05:26:29.724936+00,Poland,ポーランド,pl
620,38.7223,-9.1393,"{""ar"":""البرتغال"",""be"":""Партугалія"",""da"":""Portugal"",""de"":""Portugal"",""en"":""Portugal"",""es"":""Portugal"",""fr"":""Portugal"",""ga"":""an Phortaingéil"",""hi"":""पुर्तगाल"",""hu"":""Portugália"",""it"":""Portogallo"",""ja"":""ポルトガル"",""ko"":""포르투갈"",""ms"":""Portugália"",""no"":""Portugal"",""pt"":""Portugal"",""ta"":""போர்ச்சுகல்"",""th"":""โปรตุเกส"",""zh_Hans_CN"":""葡萄牙"",""zh_Hant_TW"":""葡萄牙""}",2025-07-12 05:26:29.724936+00,2025-07-12 05:26:29.724936+00,Portugal,ポルトガル,pt
642,44.4268,26.1025,"{""ar"":""رومانيا"",""be"":""Румынія"",""da"":""Rumænien"",""de"":""Rumänien"",""en"":""Romania"",""es"":""Rumania"",""fr"":""Roumanie"",""ga"":""an Rómáin"",""hi"":""रोमानिया"",""hu"":""Románia"",""it"":""Romania"",""ja"":""ルーマニア"",""ko"":""루마니아"",""ms"":""Románia"",""no"":""Romania"",""pt"":""Roménia"",""ta"":""ருமேனியா"",""th"":""โรมาเนีย"",""zh_Hans_CN"":""罗马尼亚"",""zh_Hant_TW"":""羅馬尼亞""}",2025-07-12 05:26:29.724936+00,2025-07-12 05:26:29.724936+00,Romania,ルーマニア,ro
643,55.7558,37.6176,"{""ar"":""روسيا"",""be"":""Расія"",""da"":""Rusland"",""de"":""Russland"",""en"":""Russia"",""es"":""Rusia"",""fr"":""Russie"",""ga"":""Rúis"",""hi"":""रूस"",""hu"":""Oroszország"",""it"":""Russia"",""ja"":""ロシア"",""ko"":""러시아"",""ms"":""Oroszország"",""no"":""Russland"",""pt"":""Rússia"",""ta"":""ரஷ்யா"",""th"":""รัสเซีย"",""zh_Hans_CN"":""俄罗斯"",""zh_Hant_TW"":""俄羅斯""}",2025-07-12 05:26:29.724936+00,2025-07-12 05:26:29.724936+00,Russia,ロシア,ru
682,24.7136,46.6753,"{""ar"":""المملكة العربية السعودية"",""be"":""Саудаўская Аравія"",""da"":""Saudi-Arabien"",""de"":""Saudi-Arabien"",""en"":""Saudi Arabia"",""es"":""Arabia Saudita"",""fr"":""Arabie Saoudite"",""ga"":""An Araib Shádach"",""hi"":""सऊदी अरब"",""hu"":""Szaúd-Arábia"",""it"":""Arabia Saudita"",""ja"":""サウジアラビア"",""ko"":""사우디아라비아"",""ms"":""Szaúd-Arábia"",""no"":""Saudi-Arabia"",""pt"":""Arábia Saudita"",""ta"":""சவுதி அரேபியா"",""th"":""ซาอุดีอาระเบีย"",""zh_Hans_CN"":""沙特阿拉伯"",""zh_Hant_TW"":""沙烏地阿拉伯""}",2025-07-12 05:26:29.724936+00,2025-07-12 05:26:29.724936+00,Saudi Arabia,サウジアラビア,sa
688,44.7866,20.4489,"{""ar"":""صربيا"",""be"":""Сербія"",""da"":""Serbien"",""de"":""Serbien"",""en"":""Serbia"",""es"":""Serbia"",""fr"":""Serbie"",""ga"":""Seirbia"",""hi"":""सर्बिया"",""hu"":""Szerbia"",""it"":""Serbia"",""ja"":""セルビア"",""ko"":""세르비아"",""ms"":""Szerbia"",""no"":""Serbia"",""pt"":""Sérvia"",""ta"":""செர்பியா"",""th"":""เซอร์เบีย"",""zh_Hans_CN"":""塞尔维亚"",""zh_Hant_TW"":""塞爾維亞""}",2025-07-12 05:26:29.724936+00,2025-07-12 05:26:29.724936+00,Serbia,セルビア,rs
702,1.3521,103.8198,"{""ar"":""سنغافورة"",""be"":""Сінгапур"",""da"":""Singapore"",""de"":""Singapur"",""en"":""Singapore"",""es"":""Singapur"",""fr"":""Singapour"",""ga"":""Singeapór"",""hi"":""सिंगापुर"",""hu"":""Szingapúr"",""it"":""Singapore"",""ja"":""シンガポール"",""ko"":""싱가포르"",""ms"":""Szingapúr"",""no"":""Singapore"",""pt"":""Singapura"",""ta"":""சிங்கப்பூர்"",""th"":""สิงคโปร์"",""zh_Hans_CN"":""新加坡"",""zh_Hant_TW"":""新加坡""}",2025-07-12 05:26:29.724936+00,2025-07-12 05:26:29.724936+00,Singapore,シンガポール,sg
703,48.1486,17.1077,"{""ar"":""سلوفاكيا"",""be"":""Славакія"",""da"":""Slovakiet"",""de"":""Slowakei"",""en"":""Slovakia"",""es"":""Eslovaquia"",""fr"":""Slovaquie"",""ga"":""an tSlóvaic"",""hi"":""स्लोवाकिया"",""hu"":""Szlovákia"",""it"":""Slovacchia"",""ja"":""スロバキア"",""ko"":""슬로바키아"",""ms"":""Szlovákia"",""no"":""Slovakia"",""pt"":""Eslováquia"",""ta"":""ஸ்லோவாக்கியா"",""th"":""สโลวาเกีย"",""zh_Hans_CN"":""斯洛伐克"",""zh_Hant_TW"":""斯洛伐克""}",2025-07-12 05:26:29.724936+00,2025-07-12 05:26:29.724936+00,Slovakia,スロバキア,sk
704,21.0285,105.8542,"{""ar"":""فيتنام"",""be"":""В'етнам"",""da"":""Vietnam"",""de"":""Vietnam"",""en"":""Vietnam"",""es"":""Vietnam"",""fr"":""Vietnam"",""ga"":""Vítneam"",""hi"":""वियतनाम"",""hu"":""Vietnam"",""it"":""Viet Nam"",""ja"":""ベトナム"",""ko"":""베트남"",""ms"":""Vietnam"",""no"":""Vietnam"",""pt"":""Vietnã"",""ta"":""வியட்நாம்"",""th"":""เวียดนาม"",""zh_Hans_CN"":""越南"",""zh_Hant_TW"":""越南""}",2025-07-12 05:26:29.724936+00,2025-07-12 05:26:29.724936+00,Vietnam,ベトナム,vn
705,46.0569,14.5058,"{""ar"":""سلوفينيا"",""be"":""Славенія"",""da"":""Slovenien"",""de"":""Slowenien"",""en"":""Slovenia"",""es"":""Eslovenia"",""fr"":""Slovène"",""ga"":""an tSlóivéin"",""hi"":""स्लोवेनिया"",""hu"":""Szlovénia"",""it"":""Slovenia"",""ja"":""スロベニア"",""ko"":""슬로베니아"",""ms"":""Szlovénia"",""no"":""Slovenia"",""pt"":""Eslovénia"",""ta"":""ஸ்லோவேனியா"",""th"":""สโลวีเนีย"",""zh_Hans_CN"":""斯洛文尼亚"",""zh_Hant_TW"":""斯洛維尼亞""}",2025-07-12 05:26:29.724936+00,2025-07-12 05:26:29.724936+00,Slovenia,スロベニア,sl
710,-25.7479,28.2293,"{""ar"":""جنوب أفريقيا"",""be"":""Паўднёвая Афрыка"",""da"":""Sydafrika"",""de"":""Südafrika"",""en"":""South Africa"",""es"":""Sudáfrica"",""fr"":""Afrique du Sud"",""ga"":""Afraic Theas"",""hi"":""दक्षिण अफ्रीका"",""hu"":""Dél-Afrika"",""it"":""Sudafrica"",""ja"":""南アフリカ"",""ko"":""남아프리카"",""ms"":""Dél-Afrika"",""no"":""Sør-Afrika"",""pt"":""África do Sul"",""ta"":""தென்னாப்பிரிக்கா"",""th"":""แอฟริกาใต้"",""zh_Hans_CN"":""南非"",""zh_Hant_TW"":""南非""}",2025-07-12 05:26:29.724936+00,2025-07-12 05:26:29.724936+00,South Africa,南アフリカ,za
724,40.4168,-3.7038,"{""ar"":""إسبانيا"",""be"":""Іспанія"",""da"":""Spanien"",""de"":""Spanien"",""en"":""Spain"",""es"":""España"",""fr"":""Espagne"",""ga"":""Spáinn"",""hi"":""स्पेन"",""hu"":""Spanyolország"",""it"":""Spagna"",""ja"":""スペイン"",""ko"":""스페인"",""ms"":""Spanyolország"",""no"":""Spania"",""pt"":""Espanha"",""ta"":""ஸ்பெயின்"",""th"":""สเปน"",""zh_Hans_CN"":""西班牙"",""zh_Hant_TW"":""西班牙""}",2025-07-12 05:26:29.724936+00,2025-07-12 05:26:29.724936+00,Spain,スペイン,es
752,59.3293,18.0686,"{""ar"":""السويد"",""be"":""Швецыя"",""da"":""Sverige"",""de"":""Schweden"",""en"":""Sweden"",""es"":""Suecia"",""fr"":""Suède"",""ga"":""an tSualainn"",""hi"":""स्वीडन"",""hu"":""Svédország"",""it"":""Svezia"",""ja"":""スウェーデン"",""ko"":""스웨덴"",""ms"":""Svédország"",""no"":""Sverige"",""pt"":""Suécia"",""ta"":""ஸ்வீடன்"",""th"":""สวีเดน"",""zh_Hans_CN"":""瑞典"",""zh_Hant_TW"":""瑞典""}",2025-07-12 05:26:29.724936+00,2025-07-12 05:26:29.724936+00,Sweden,スウェーデン,se
756,46.9481,7.4474,"{""ar"":""سويسرا"",""be"":""Швейцарыя"",""da"":""Schweiz"",""de"":""Schweiz"",""en"":""Switzerland"",""es"":""Suiza"",""fr"":""Suisse"",""ga"":""Eilvéis"",""hi"":""स्विट्ज़रलैंड"",""hu"":""Svájc"",""it"":""Svizzera"",""ja"":""スイス"",""ko"":""스위스"",""ms"":""Svájc"",""no"":""Sveits"",""pt"":""Suíça"",""ta"":""சுவிட்சர்லாந்து"",""th"":""สวิตเซอร์แลนด์"",""zh_Hans_CN"":""瑞士"",""zh_Hant_TW"":""瑞士""}",2025-07-12 05:26:29.724936+00,2025-07-12 05:26:29.724936+00,Switzerland,スイス,ch
764,13.7563,100.5018,"{""ar"":""تايلاند"",""be"":""Тайланд"",""da"":""Thailand"",""de"":""Thailand"",""en"":""Thailand"",""es"":""Tailandia"",""fr"":""Thaïlande"",""ga"":""Téalainn"",""hi"":""थाईलैंड"",""hu"":""Thaiföld"",""it"":""Thailandia"",""ja"":""タイ"",""ko"":""태국"",""ms"":""Thaiföld"",""no"":""Thailand"",""pt"":""Tailândia"",""ta"":""தாய்லாந்து"",""th"":""ประเทศไทย"",""zh_Hans_CN"":""泰国"",""zh_Hant_TW"":""泰國""}",2025-07-12 05:26:29.724936+00,2025-07-12 05:26:29.724936+00,Thailand,タイ,th
792,39.9334,32.8597,"{""ar"":""ديك رومى"",""be"":""Турцыя"",""da"":""Kalkun"",""de"":""Türkei"",""en"":""Turkey"",""es"":""Turquía"",""fr"":""Turquie"",""ga"":""Tuirc"",""hi"":""तुर्की"",""hu"":""Törökország"",""it"":""Turchia"",""ja"":""トルコ"",""ko"":""터키"",""ms"":""Törökország"",""no"":""Tyrkia"",""pt"":""Peru"",""ta"":""துருக்கி"",""th"":""ตุรกี"",""zh_Hans_CN"":""土耳其"",""zh_Hant_TW"":""土耳其""}",2025-07-12 05:26:29.724936+00,2025-07-12 05:26:29.724936+00,Turkey,トルコ,tr
804,48.3794,31.1656,"{""ar"":""أوكرانيا"",""be"":""Украіна"",""da"":""Ukraine"",""de"":""Ukraine"",""en"":""Ukraine"",""es"":""Ucrania"",""fr"":""Ukraine"",""ga"":""Úcráin"",""hi"":""यूक्रेन"",""hu"":""Ukrajna"",""it"":""Ucraina"",""ja"":""ウクライナ"",""ko"":""우크라이나"",""ms"":""Ukrajna"",""no"":""Ukraina"",""pt"":""Ucrânia"",""ta"":""உக்ரைன்"",""th"":""ยูเครน"",""zh_Hans_CN"":""乌克兰"",""zh_Hant_TW"":""烏克蘭""}",2025-07-12 05:26:29.724936+00,2025-07-12 05:26:29.724936+00,Ukraine,ウクライナ,ua
818,30.0444,31.2357,"{""ar"":""مصر"",""be"":""Егіпет"",""da"":""Egypten"",""de"":""Ägypten"",""en"":""Egypt"",""es"":""Egipto"",""fr"":""Egypte"",""ga"":""Éigipt"",""hi"":""मिस्र"",""hu"":""Egyiptom"",""it"":""Egitto"",""ja"":""エジプト"",""ko"":""이집트"",""ms"":""Egyiptom"",""no"":""Egypt"",""pt"":""Egito"",""ta"":""எகிப்து"",""th"":""อียิปต์"",""zh_Hans_CN"":""埃及"",""zh_Hant_TW"":""埃及""}",2025-07-12 05:26:29.724936+00,2025-07-12 05:26:29.724936+00,Egypt,エジプト,eg
826,51.5074,-0.1278,"{""ar"":""المملكة المتحدة"",""be"":""Вялікабрытанія"",""da"":""Storbritannien"",""de"":""Vereinigtes Königreich"",""en"":""United Kingdom"",""es"":""Reino Unido"",""fr"":""Royaume-Uni"",""ga"":""An Ríocht Aontaithe"",""hi"":""ब्रिटेन"",""hu"":""Egyesült Királyság"",""it"":""Regno Unito"",""ja"":""イギリス"",""ko"":""영국"",""ms"":""Egyesült Királyság"",""no"":""Storbritannia"",""pt"":""Reino Unido"",""ta"":""ஐக்கிய இராச்சியம்"",""th"":""สหราชอาณาจักร"",""zh_Hans_CN"":""英国"",""zh_Hant_TW"":""英國""}",2025-07-12 05:26:29.724936+00,2025-07-12 05:26:29.724936+00,United Kingdom,イギリス,gb
840,38.9072,-77.0369,"{""ar"":""الولايات المتحدة"",""be"":""ЗША"",""da"":""USA"",""de"":""Vereinigte Staaten"",""en"":""United States"",""es"":""Estados Unidos"",""fr"":""États-Unis"",""ga"":""Stáit Aontaithe Mheiriceá"",""hi"":""अमेरिका"",""hu"":""Egyesült Államok"",""it"":""Stati Uniti"",""ja"":""アメリカ"",""ko"":""미국"",""ms"":""Egyesült Államok"",""no"":""USA"",""pt"":""Estados Unidos"",""ta"":""யுனைடெட் ஸ்டேட்ஸ்"",""th"":""สหรัฐอเมริกา"",""zh_Hans_CN"":""美国"",""zh_Hant_TW"":""美國""}",2025-07-12 05:26:29.724936+00,2025-07-12 05:26:29.724936+00,United States,アメリカ,us
860,41.3775,64.5853,"{""ar"":""أوزبكستان"",""be"":""Узбекістан"",""da"":""Usbekistan"",""de"":""Usbekistan"",""en"":""Uzbekistan"",""es"":""Uzbekistán"",""fr"":""Ouzbékistan"",""ga"":""Úisbéiceastáin"",""hi"":""उज़्बेकिस्तान"",""hu"":""Üzbegisztán"",""it"":""Uzbekistan"",""ja"":""ウズベキスタン"",""ko"":""우즈베키스탄"",""ms"":""Üzbegisztán"",""no"":""Usbekistan"",""pt"":""Uzbequistão"",""ta"":""உஸ்பெகிஸ்தான்"",""th"":""อุซเบกิสถาน"",""zh_Hans_CN"":""乌兹别克斯坦"",""zh_Hant_TW"":""烏茲別克""}",2025-07-12 05:26:29.724936+00,2025-07-12 05:26:29.724936+00,Uzbekistan,ウズベキスタン,uz
9999,0,0,{},2025-08-03 05:47:25.866177+00,2025-08-03 05:47:25.866177+00,,,